stad,rang,bedrijf,domein,email,plaats,screens,rolluiken,montage,type,bron_query
Utrecht,1,De Kroon Zonwering,dekroonzonwering.nl,contact@dekroonzonwering.nl,Utrecht,ja,ja,ja,eigen webshop/fabrikant,zonwering showroom Utrecht stad screens rolluiken bedrijf
Utrecht,2,Bijtjes Zonwering,bijtjeszonwering.nl,info@bijtjeszonwering.nl,Utrecht,ja,ja,ja,dealer (Unilux),zonwering showroom Utrecht stad screens rolluiken bedrijf
Utrecht,3,Schaduw Zonwering,schaduwzonwering.nl,alleen formulier: https://schaduwzonwering.nl/contact/,Utrecht,ja,ja,ja,eigen webshop/fabrikant,zonwering Utrecht
Barendrecht,1,Ton Stassen Zonwering,tonstassenzonwering.nl,info@tonstassenzonwering.nl,Barendrecht,ja,ja,ja,dealer,zonwering Barendrecht
Barendrecht,2,Inhuis Plaza,inhuisplaza.nl,info@inhuisplaza.nl,Barendrecht,ja,ja,ja,dealer/formule,screen kopen Barendrecht
Barendrecht,3,IntraSol Zonwering & Rolluiken,intrasolzonwering.nl,info@intrasolzonwering.nl,Barendrecht (regio; hoofdvestiging Dordrecht-regio),ja,ja,ja,eigen webshop/fabrikant,screen kopen Barendrecht
Rotterdam,1,OPEN Maatwerk,openmaatwerk.nl,info@openmaatwerk.nl,Rotterdam-Nesselande,ja,ja,ja,eigen webshop/fabrikant,screen kopen Rotterdam
Rotterdam,2,Bastasol Zonwering & Outdoor Living,bastasol.nl,info@bastasol-forma.nl,Rotterdam,ja,ja,ja,eigen webshop/fabrikant,zonwering Rotterdam showroom bedrijf
Rotterdam,3,Zwamon Zonwering,zwamon.nl,info@zwamon.nl,Nieuwerkerk aan den IJssel (regio Rotterdam),ja,ja,ja,eigen webshop/fabrikant,zonwering Rotterdam showroom bedrijf
Den Haag,1,Firma van Rijn,firmavanrijn.nl,info@firmavanrijn.nl,Den Haag,ja,ja,ja,eigen webshop (multi-merk),screen kopen Den Haag
Den Haag,2,Archipel Zonwering,archipelzonwering.nl,info@archipelzonwering.nl,Den Haag,ja,ja,ja,dealer (Luxaflex/Somfy/Velux) + eigen fabricage,zonwering Den Haag showroom bedrijf
Den Haag,3,Van Zanten Zonwering,vanzantenzonwering.nl,info@vanzantenzonwering.nl,Den Haag,ja,ja,ja,dealer (Luxaflex/Velux/Verosol) + eigen fabriek,zonwering Den Haag showroom bedrijf
Leiden,1,Suntec Zonwering,suntec-zonwering.nl,info@suntec-zonwering.nl,Zoeterwoude (grenst aan Leiden),ja,ja,ja,eigen webshop/fabrikant,zonwering Leiden showroom bedrijf
Leiden,2,Oudshoorn en van Egmond,oudshoornenvanegmond.nl,info@oudshoornenvanegmond.nl,Zoeterwoude Rijndijk / Katwijk (grenst aan Leiden),ja,ja,ja,dealer (Luxaflex),zonwering Leiden showroom bedrijf
Leiden,3,Gemro,gemro.nl,info@gemro.nl,Noordwijkerhout (bij Leiden),ja,ja,ja,eigen webshop/fabrikant (Pallazzo),zonwering Leiden showroom bedrijf
Delft,1,Eradus Zonwering,eraduszonwering.nl,eradus@eraduszonwering.nl,Delft,ja,nee,ja,dealer (Luxaflex/Somfy),zonwering delft
Delft,2,Geers Zonwering,geerszonwering.nl,info@geerszonwering.nl,Nootdorp,ja,ja,ja,dealer (Sunmaster/MySun),screen kopen delft
Delft,3,Stuyfzand Vloeren & Zonwering,stuyfzand.nl,info@stuyfzand.nl,Delfgauw,ja,ja,ja,dealer (diverse leveranciers),zonwering delft
Zoetermeer,1,Zonweringsbedrijf Zoetermeer,zonweringsbedrijfzoetermeer.nl,zonweringsbedrijfzoetermeer@gmail.com,Zoetermeer,ja,ja,ja,dealer (Somfy/SIMU/Dickson),zonwering zoetermeer
Zoetermeer,2,Toldo Zonwering,toldo.nl,info@toldo.nl,Moordrecht,ja,ja,ja,dealer (diverse merken),screen kopen zoetermeer
Gouda,1,Arzon Zonwering,arzon.nl,info@arzon.nl,Reeuwijk,ja,ja,ja,dealer (Romazo Garant),zonwering gouda
Gouda,2,SunGo Zonwering & Montage,sungo-zonwering.nl,info@sungo-zonwering.nl,Lopik,ja,ja,ja,dealer (onbekend merk),screen kopen gouda
Dordrecht,1,Venster Center Dordrecht,venstercenter.nl,info@venstercenter.nl,Dordrecht,ja,ja,ja,dealer (Somfy),screen kopen dordrecht
Dordrecht,2,Schaduwrijk,schaduwrijk.nl,info@schaduwrijk.nl,Dordrecht,ja,ja,ja,dealer (Somfy Expert),zonwering dordrecht
Amersfoort,1,Van Geet Zonwering,vangeetzonwering.nl,info@vangeetzonwering.nl,Amersfoort,ja,ja,ja,dealer (Sunmaster/Brustor),screen kopen amersfoort
Amersfoort,2,Erpé Zonwering,erpezonwering.nl,info@erpezonwering.nl,Soesterberg,ja,ja,ja,dealer (Verano/Weinor) + eigen doekfabricage,zonwering amersfoort
Amersfoort,3,Ruiter Zonwering,ruiterzonwering.nl,info@ruiterbarneveld.nl,Barneveld,ja,ja,ja,dealer (Markilux/Brustor/Roma/Ittalum),zonwering amersfoort
Nieuwegein,1,SunCircle Nieuwegein B.V.,suncircle-nieuwegein.nl,info@suncircle-nieuwegein.nl,Nieuwegein,ja,ja,ja,eigen webshop/fabrikant,zonwering nieuwegein
Nieuwegein,2,Hans van Baaren Zonwering & Rolluiken,hansvanbaaren.nl,info@hansvanbaaren.nl,Nieuwegein,ja,ja,ja,dealer (meerdere merken),screen kopen nieuwegein
Nieuwegein,3,Zonwering Nieuwegein,zonweringnieuwegein.nl,info@zonweringnieuwegein.nl,Nieuwegein,ja,ja,ja,dealer (Kvadrat Verosol/Sunmaster e.a.),zonwering nieuwegein
Alphen aan den Rijn,1,Sundesign Walraven,sundesign.nl,info@sundesign.nl,Alphen aan den Rijn,ja,ja,onbekend,eigen webshop/fabrikant,screen kopen alphen aan den rijn
Alphen aan den Rijn,2,Paul & Paul,paulenpaul.nl,verkoop@paulenpaul.nl,Alphen aan den Rijn,ja,ja,ja,dealer (ROMA),zonwering alphen aan den rijn
Alphen aan den Rijn,3,Factor50 Zonwering & Montage B.V.,factor50zonwering.nl,info@factor50zonwering.nl,Koudekerk aan den Rijn (gemeente Alphen aan den Rijn),ja,ja,ja,dealer (SunCircle),zonwering alphen aan den rijn
Spijkenisse,1,Aanhuiszonwering,aanhuiszonwering.nl,info@aanhuiszonwering.nl,Spijkenisse,ja,ja,ja,dealer (Somfy Expert/Luxaflex),zonwering spijkenisse
Spijkenisse,2,Ansol Zonwering B.V.,ansolzonwering.nl,info@ansolzonwering.nl,Spijkenisse,ja,ja,ja,eigen bedrijf,zonwering spijkenisse
Spijkenisse,3,Molendijk Rolluiken en Zonweringen B.V.,molendijk-rolluiken.nl,info@molendijk-rolluiken.nl,Spijkenisse,ja,ja,onbekend,eigen bedrijf,rolluiken spijkenisse
Capelle aan den IJssel,1,Loman Markiezenmakerij VOF,loman-markiezen.nl,info@loman-markiezen.nl,Capelle aan den IJssel,ja,ja,onbekend,eigen bedrijf (familiebedrijf 65+ jaar),zonwering capelle aan den ijssel
Capelle aan den IJssel,2,Marc's Markiezen & Zn,marcsmarkiezen.nl,marcsmarkiezen@gmail.com,Capelle aan den IJssel,nee,nee,ja,eigen bedrijf (alleen markiezen/zonwering),zonwering capelle aan den ijssel
Capelle aan den IJssel,3,Techhandel Mudde,techhandel.nl,info@techhandel.nl,Lekkerkerk (bedient Capelle aan den IJssel),ja,ja,ja,dealer (Byzon/Sunmaster),zonwering capelle aan den ijssel
Vlaardingen,1,Lux Improvement B.V.,lux-improvement.nl,lux.improvement@gmail.com,Vlaardingen,ja,ja,ja,dealer (Byzon),screen kopen vlaardingen
Vlaardingen,2,ZW Groep BV (Zonwering Vlaardingen),vlaardingen-zonwering.nl,raymond@zw.nl,Vlaardingen,ja,ja,ja,eigen bedrijf sinds 1979,zonwering vlaardingen
Vlaardingen,3,Duifhuijsen Zonwering,duifhuijsenzonwering.nl,planning@duifhuijsenzonwering.nl,Vlaardingen,ja,ja,onbekend,eigen bedrijf (dealer Velux voor rolluiken),zonwering vlaardingen
