datum;leverancier;art;oms;aantal;netto;bestand
2025-07-31;Würth;019005030;Spaanplaatschroef, verzonken freeskop;500;15.75;2025-07-31_72_4750063609.PDF
2025-07-31;Würth;0153745030;Spaanplaatschroef, lenskop;500;15.9;2025-07-31_72_4750063609.PDF
2025-07-31;Würth;0153745030;Spaanplaatschroef, lenskop;500;15.9;2025-07-31_72_4750063609.PDF
2025-07-31;Würth;0153750030;Spaanplaatschroef, lenskop;500;0;2025-07-31_72_4750063609.PDF
2025-08-25;Würth;590680636;Universele plug, kunststof;600;0;2025-08-25_70_4750081405.PDF
2025-08-25;Würth;041910;Grote ring;200;0;2025-08-25_70_4750081405.PDF
2025-08-25;Würth;5918242300;Injectiesysteem beton en metselwerk;7;5;2025-08-25_70_4750081405.PDF
2025-08-25;Würth;0903420001;Statische mengbuis;50;0;2025-08-25_70_4750081405.PDF
2025-08-25;Würth;095310;Draadstang;5;89.3;2025-08-25_70_4750081405.PDF
2025-09-23;Würth;095410;Draadstang;4;0;2025-09-23_68_4750113008.PDF
2025-09-23;Würth;590680636;Universele plug, kunststof;600;0;2025-09-23_68_4750113008.PDF
2025-09-23;Würth;0153750030;Spaanplaatschroef, lenskop;1000;0;2025-09-23_68_4750113008.PDF
2025-09-23;Würth;0614176780;Bithouder, krachtmoeren;1;0;2025-09-23_68_4750113008.PDF
2025-09-23;Würth;0153750050;Spaanplaatschroef, lenskop;500;5;2025-09-23_68_4750113008.PDF
2025-09-23;Würth;017736080;Spaanplaatschroef, flenskop;100;14.03;2025-09-23_68_4750113008.PDF
2025-09-23;Würth;0904310;Messingplug;100;5;2025-09-23_68_4750113008.PDF
2025-09-23;Würth;06136321;Schroevendraaier, Phillips VDE;1;7.17;2025-09-23_68_4750113008.PDF
2025-09-25;Würth;040910;Ring;100;6;2025-09-25_67_4750115481.PDF
2025-09-25;Würth;590681476;Universele plug, kunststof;60;9;2025-09-25_67_4750115481.PDF
2025-09-26;Würth;063202;Aansluiting, gaten- en cilinderzaag;1;0;2025-09-26_65_4750117479.PDF
2025-09-26;Würth;0632900060;Gatzaag;1;9;2025-09-26_65_4750117479.PDF
2025-09-26;Würth;0893050004;Snijolie;1;9;2025-09-26_65_4750117479.PDF
2025-09-26;Würth;0892160500;Acrylkit buiten;1;9;2025-09-26_65_4750117479.PDF
2025-09-26;Würth;0892500100;Montageschuim, 1 component;1;9;2025-09-26_65_4750117479.PDF
2025-09-26;Würth;0632900019;Gatzaag;1;9;2025-09-26_65_4750117479.PDF
2025-09-26;Würth;0632900022;Gatzaag;1;9;2025-09-26_65_4750117479.PDF
2025-09-26;Würth;0624911200;Spiraalboor, metaal;1;9;2025-09-26_65_4750117479.PDF
2025-09-26;Würth;0624910600;Spiraalboor, metaal;10;0;2025-09-26_65_4750117479.PDF
2025-10-03;Würth;590681476;Universele plug, kunststof;160;2;2025-10-03_64_4750127548.PDF
2025-10-20;Würth;0631100400;Bekistingsboor;1;5;2025-10-20_63_4750144474.PDF
2025-10-20;Würth;0624910019;Spiraalboor, metaal, assortiment/set;1;115.5;2025-10-20_63_4750144474.PDF
2025-10-20;Würth;08901087;Remmenreiniger;2;8;2025-10-20_63_4750144474.PDF
2025-10-24;Würth;0903450208;Injectiesysteem beton en metselwerk;12;2;2025-10-24_62_4750149647.PDF
2025-10-24;Würth;08925102;Siliconenkit, neutraal;1;4;2025-10-24_62_4750149647.PDF
2025-10-24;Würth;0648076011;Hamerboor Plus;2;0;2025-10-24_62_4750149647.PDF
2025-10-24;Würth;0614176780;Bithouder, krachtmoeren;1;0;2025-10-24_62_4750149647.PDF
2025-10-24;Würth;0903450208;Injectiesysteem beton en metselwerk;2;2;2025-10-24_62_4750149647.PDF
2025-10-24;Würth;089251012;Siliconenkit, neutraal;1;9.18;2025-10-24_62_4750149647.PDF
2025-10-24;Würth;0664101250;Doorslijpschijf, gebonden;25;42.75;2025-10-24_62_4750149647.PDF
2025-10-24;Würth;0153750030;Spaanplaatschroef, lenskop;500;0;2025-10-24_62_4750149647.PDF
2025-10-24;Würth;08916532;Spuitmondstuk, hersluitbaar;24;13.44;2025-10-24_62_4750149647.PDF
2025-10-24;Würth;0903420001;Statische mengbuis;20;0;2025-10-24_62_4750149647.PDF
2025-10-24;Würth;095410;Draadstang;6;0;2025-10-24_62_4750149647.PDF
2025-10-24;Würth;0624001000;Spiraalboor, metaal;5;33.4;2025-10-24_62_4750149647.PDF
2025-11-13;Würth;590681476;Universele plug, kunststof;80;6;2025-11-13_61_4750172875.PDF
2025-11-17;Würth;0899411018;Bescherm. handschoen, gebreid, gecoat;12;6;2025-11-17_60_4750177056.PDF
2025-11-17;Würth;09032521;Gipsplaatplug, zinkspuitgietwerk;200;0;2025-11-17_60_4750177056.PDF
2025-11-17;Würth;0153745040;Spaanplaatschroef, lenskop;500;5;2025-11-17_60_4750177056.PDF
2025-11-28;Würth;0903420001;Statische mengbuis;30;0;2025-11-28_58_4750189420.PDF
2025-11-28;Würth;0903420001;Statische mengbuis;20;0;2025-11-28_58_4750189420.PDF
2025-12-22;Isero;343040;Plaatschroef zelfborend gegalv. met;20;6.46;2025-12-22_57_VV8093598.pdf
2026-01-09;Würth;590680636;Universele plug, kunststof;1000;0;2026-01-09_56_4750223672.PDF
2026-01-09;Würth;590680636;Universele plug, kunststof;1000;0;2026-01-09_56_4750223672.PDF
2026-03-06;Würth;0590010;Afdekkap, zeskantkop;300;5;2026-03-06_55_4750287397.PDF
2026-03-06;Würth;0590010;Afdekkap, zeskantkop;300;5;2026-03-06_55_4750287397.PDF
2026-03-06;Würth;0641206010;Universele boor;10;43.3;2026-03-06_55_4750287397.PDF
2026-03-06;Würth;0648078011;Hamerboor Plus;10;43.7;2026-03-06_55_4750287397.PDF
2026-03-06;Würth;0648071216;Hamerboor Plus;10;63.3;2026-03-06_55_4750287397.PDF
2026-03-06;Würth;0641208012;Universele boor;10;55.2;2026-03-06_55_4750287397.PDF
2026-03-06;Würth;0641201215;Universele boor;5;40.65;2026-03-06_55_4750287397.PDF
2026-03-06;Würth;0631100400;Bekistingsboor;1;8;2026-03-06_55_4750287397.PDF
2026-03-12;Berner;85480-500;SPAANPLSCH EC TX 4,0X 50 CK ZI;1500;30.45;2026-03-12_54_1204003995.pdf
2026-03-12;Berner;85502-300;SPAANPLSCH EC TX 5,0X 50 CK ZI;600;17.82;2026-03-12_54_1204003995.pdf
2026-03-12;Berner;5380-100;ZESKANTMOER 934     M10 RVS A2;400;56.56;2026-03-12_54_1204003995.pdf
2026-03-12;Berner;5371-200;ZESKANTMOER 934     M 8 RVS A2;200;13.22;2026-03-12_54_1204003995.pdf
2026-03-12;Berner;5363-200;ZESKANTMOER 934     M 6 RVS A2;200;7.74;2026-03-12_54_1204003995.pdf
2026-03-12;Berner;3335-200;SLUITRING DIN 9021 M 6 RVS A2;800;51.6;2026-03-12_54_1204003995.pdf
2026-03-12;Berner;3337-100;SLUITRING DIN 9021 M10 RVS A2;400;44.48;2026-03-12_54_1204003995.pdf
2026-03-12;Berner;932482-25;HOUTDRAADBOUT 571 10X100      A2;25;17.62;2026-03-12_54_1204003995.pdf
2026-03-17;Berner;13792-15;ALU-PVC      REINIGER       400ML;15;96.45;2026-03-17_53_1204005209.pdf
2026-03-17;Berner;101625-100;EXPRESSDRILL          14X39     ZI;100;14.54;2026-03-17_53_1204005209.pdf
2026-03-17;Berner;85419-500;SPAANPLSCH EC PZ 4,5X 35 CK ZI;500;11.45;2026-03-17_53_1204005209.pdf
2026-03-19;Würth;032210;Zeskantmoer;100;16.57;2026-03-19_52_4750300420.PDF
2026-03-19;Würth;0590010;Afdekkap, zeskantkop;50;8;2026-03-19_52_4750300420.PDF
2026-03-19;Würth;590681476;Universele plug, kunststof;40;16.5;2026-03-19_52_4750300420.PDF
2026-03-23;Würth;0626910025;Spiraalboor, metaal, assortiment/set;1;0;2026-03-23_51_4750303904.PDF
2026-03-23;Würth;5713922115;Spanband met klemslot;4;6;2026-03-23_51_4750303904.PDF
2026-03-30;Berner;132386-12;MULTI COMPOUND UNI PLUS 300ML;12;119.4;2026-03-30_49_1204008219.pdf
2026-03-30;Berner;411087;SILIKIT OX PR ANTRACIET 310ML;12;64.8;2026-03-30_49_1204008219.pdf
2026-03-30;Berner;411101;SILIKIT OX PR SIGNAALWIT 310ML;12;64.8;2026-03-30_49_1204008219.pdf
2026-03-30;Berner;411107;SILIKIT OX PR GITZWART       310ML;12;64.8;2026-03-30_49_1204008219.pdf
2026-03-30;Berner;932482-25;HOUTDRAADBOUT 571 10X100    A2;150;105.72;2026-03-30_50_1204008105.pdf
2026-04-03;Würth;590680636;Universele plug, kunststof;200;6;2026-04-03_48_4750319309.PDF
2026-04-03;Würth;0590010;Afdekkap, zeskantkop;200;0;2026-04-03_48_4750319309.PDF
2026-04-03;Würth;059006;Afdekkap, zeskantkop;200;24.8;2026-04-03_48_4750319309.PDF
2026-04-08;Berner;109320-100;TAPBOUT 933 RVS M 6X 30 A2;100;10.22;2026-04-08_47_Factuur_1204010985_van_08.04.2026.PDF
2026-04-08;Berner;356808-100;TAPBOUT 933 RVS M 10X 45 A2;100;40.4;2026-04-08_47_Factuur_1204010985_van_08.04.2026.PDF
2026-04-08;Berner;85502-300;SPAANPLSCH EC TX 5,0X 50 CK ZI;900;38.07;2026-04-08_47_Factuur_1204010985_van_08.04.2026.PDF
2026-04-08;Berner;85504-200;SPAANPLSCH EC TX 5,0X 70 CK ZI;200;11.7;2026-04-08_47_Factuur_1204010985_van_08.04.2026.PDF
2026-04-21;Würth;590680636;Universele plug, kunststof;4000;0;2026-04-21_46_4750336207.PDF
2026-04-22;Berner;316997;DRAADEIND    976 RVS M10X1M A2;10;50.2;2026-04-22_45_Factuur_1204014243_van_22.04.2026.PDF
2026-04-22;Berner;284157-50;HOUTDRAADBOUT 571 8X 80      A2;100;33.76;2026-04-22_45_Factuur_1204014243_van_22.04.2026.PDF
2026-04-22;Berner;835163-50;HOUTDRAADBOUT 571 8X100       A2;200;73.4;2026-04-22_45_Factuur_1204014243_van_22.04.2026.PDF
2026-04-22;Berner;933082-50;HOUTDRAADBOUT 571 8X120       A2;100;48.4;2026-04-22_45_Factuur_1204014243_van_22.04.2026.PDF
2026-04-22;Berner;85498-500;SPAANPLSCH EC TX 5,0X 30 CK ZI;1000;21.3;2026-04-22_45_Factuur_1204014243_van_22.04.2026.PDF
2026-04-22;Berner;85475-1000;SPAANPLSCH EC TX 4,0X 25 CK ZI;2000;25;2026-04-22_45_Factuur_1204014243_van_22.04.2026.PDF
2026-04-22;Berner;101967-100;SLUITRING DIN 9021 M12 RVS A2;400;79;2026-04-22_45_Factuur_1204014243_van_22.04.2026.PDF
2026-04-22;Berner;5363-200;ZESKANTMOER 934     M 6 RVS A2;400;15.48;2026-04-22_45_Factuur_1204014243_van_22.04.2026.PDF
2026-04-22;Berner;109304-100;TAPBOUT 933 RVS M 6X 20 A2;300;19.29;2026-04-22_45_Factuur_1204014243_van_22.04.2026.PDF
2026-04-22;Berner;109290-100;TAPBOUT 933 RVS M 6X 16 A2;400;24.6;2026-04-22_45_Factuur_1204014243_van_22.04.2026.PDF
2026-04-22;Berner;109320-100;TAPBOUT 933 RVS M 6X 30 A2;300;22.02;2026-04-22_45_Factuur_1204014243_van_22.04.2026.PDF
2026-04-22;Berner;356700-100;TAPBOUT 933 RVS M 6X 60 A2;200;28.1;2026-04-22_45_Factuur_1204014243_van_22.04.2026.PDF
2026-04-28;Berner;284157-50;HOUTDRAADBOUT 571                        8X 80         A2;50;16.88;2026-04-28_43_Factuur_1204015230_van_28.04.2026.PDF
2026-05-04;Würth;0967911203;Marker vulpotlood;12;13.8;2026-05-04_42_4750348943.PDF
2026-05-04;Würth;0641201040;Universele boor;2;33.2;2026-05-04_42_4750348943.PDF
2026-05-04;Würth;0641208040;Universele boor;1;5;2026-05-04_42_4750348943.PDF
2026-05-04;Würth;0899800555;Vuilniszak;30;20.66;2026-05-04_42_4750348943.PDF
2026-05-04;Würth;0641206010;Universele boor;2;0;2026-05-04_42_4750348943.PDF
2026-05-04;Würth;0696121410;Zaagblad voor multi-cutter;5;47.7;2026-05-04_42_4750348943.PDF
2026-05-04;Würth;0614176780;Bithouder, krachtmoeren;2;6;2026-05-04_42_4750348943.PDF
2026-05-04;Würth;0712131117;Dopsleutel 1/2 inch;1;4.72;2026-05-04_42_4750348943.PDF
2026-05-07;Berner;1023658;PAKKET AFVALZAKKEN 120L 70MU;1;139;2026-05-07_41_Factuur_1204017841_van_07.05.2026.PDF
2026-05-07;Berner;85502-300;SPAANPLSCH EC TX 5,0X 50 CK ZI;600;17.82;2026-05-07_41_Factuur_1204017841_van_07.05.2026.PDF
2026-05-07;Berner;1006420-100;SPS EASYTIMBER TK 6x 80/ 40 ZI;100;13.98;2026-05-07_41_Factuur_1204017841_van_07.05.2026.PDF
2026-05-07;Berner;38276-25;SNIJSCHIJF M/T 125X1,0X22,2 P;25;24.5;2026-05-07_41_Factuur_1204017841_van_07.05.2026.PDF
2026-05-07;Berner;1005079;ROCKBEAVER 6,0x100/165 SDS+;3;17.28;2026-05-07_41_Factuur_1204017841_van_07.05.2026.PDF
2026-05-07;Berner;1005107;ROCKBEAVER 8,0x100/165 SDS+;3;20.85;2026-05-07_41_Factuur_1204017841_van_07.05.2026.PDF
2026-05-07;Berner;1005121;ROCKBEAVER 12,0x100/165 SDS+;3;30.66;2026-05-07_41_Factuur_1204017841_van_07.05.2026.PDF
2026-05-07;Berner;372122-6;HANDSCHOEN FLEXUS DOTS               8;6;24.3;2026-05-07_41_Factuur_1204017841_van_07.05.2026.PDF
2026-05-07;Berner;372126-6;HANDSCHOEN FLEXUS DOTS               9;6;24.3;2026-05-07_41_Factuur_1204017841_van_07.05.2026.PDF
2026-05-07;Berner;372127-6;HANDSCHOEN FLEXUS DOTS              10;6;24.3;2026-05-07_41_Factuur_1204017841_van_07.05.2026.PDF
2026-05-07;Berner;173325;ZAAGBEUGEL 2-K HANDGREEP;1;29;2026-05-07_41_Factuur_1204017841_van_07.05.2026.PDF
2026-05-07;Berner;76359;HANDZAAG UNIVERSEEL            500MM;1;29;2026-05-07_41_Factuur_1204017841_van_07.05.2026.PDF
2026-05-07;Berner;421274-5;BIT 1/4 TX 20        100MM;10;290;2026-05-07_41_Factuur_1204017841_van_07.05.2026.PDF
2026-05-07;Berner;1005079-10;ROCKBEAVER 6,0x100/165 SDS+;10;65.5;2026-05-07_41_Factuur_1204017841_van_07.05.2026.PDF
2026-05-11;Berner;132386-12;MULTI COMPOUND UNI PLUS 300ML;12;137.64;2026-05-11_40_Factuur_1204018745_van_11.05.2026.PDF
2026-05-11;Berner;411102;SILIKIT OX PR TRANSPARAN 310ML;12;64.8;2026-05-11_40_Factuur_1204018745_van_11.05.2026.PDF
2026-05-11;Berner;411101;SILIKIT OX PR SIGNAALWIT 310ML;12;64.8;2026-05-11_40_Factuur_1204018745_van_11.05.2026.PDF
2026-05-13;Berner;1006420-100;SPS EASYTIMBER TK 6x 80/ 40 ZI;200;27.96;2026-05-13_39_Copy1204010299.pdf
2026-05-13;Berner;411102;SILIKIT OX PR TRANSPARAN 310ML;12;64.8;2026-05-13_39_Copy1204010299.pdf
2026-05-19;Isero;190379;Rolbandmaat Fatmax versterkt staal geel;1;29;2026-05-19_37_Factuur_23144762_Isero_BV.pdf
2026-05-19;Isero;180011;Lijmtang hobby 200x80mm (Spankracht;2;32.91;2026-05-19_37_Factuur_23144762_Isero_BV.pdf
2026-05-19;Isero;4771861251;Navullingset 4030 Dry voor;1;12.72;2026-05-19_37_Factuur_23144762_Isero_BV.pdf
2026-05-19;Isero;993001;Zijsnijtang met afstrip functie VD-draad;1;45.14;2026-05-19_37_Factuur_23144762_Isero_BV.pdf
2026-05-19;Isero;102050;Combinatietang kop verchroomd met;1;21.55;2026-05-19_37_Factuur_23144762_Isero_BV.pdf
2026-05-19;Isero;183231;Afbreekmes Fatmax Pro 18mm;2;23.94;2026-05-19_37_Factuur_23144762_Isero_BV.pdf
2026-05-19;Isero;183235;Reserve-afbreekmesjes Carbide 18mm;1;14.06;2026-05-19_37_Factuur_23144762_Isero_BV.pdf
2026-05-19;Isero;4771861210;Markeerpotlood 3030 Pica-Dry voor diepe;2;29.01;2026-05-19_37_Factuur_23144762_Isero_BV.pdf
2026-05-19;Isero;190140;Duimstok 1m glasfiber wit 4-delig;1;4.9;2026-05-19_37_Factuur_23144762_Isero_BV.pdf
2026-05-27;Würth;0893140;Etiketverwijderaar;1;10.15;2026-05-27_36_4750367080.PDF
2026-05-27;Würth;590681476;Universele plug, kunststof;60;24.74;2026-05-27_36_4750367080.PDF
2026-05-31;Isero;190379;Rolbandmaat Fatmax versterkt staal geel;1;29;2026-05-31_35_Factuur_23181717_Isero_BV.pdf
2026-05-31;Isero;4771861251;Navullingset 4030 Dry voor;1;12.72;2026-05-31_35_Factuur_23181717_Isero_BV.pdf
2026-05-31;Isero;4771861210;Markeerpotlood 3030 Pica-Dry voor diepe;1;14.5;2026-05-31_35_Factuur_23181717_Isero_BV.pdf
2026-05-31;Isero;127834;Bit 851/4 Z 1/4 Phillips;2;10.47;2026-05-31_35_Factuur_23181717_Isero_BV.pdf
2026-05-31;Isero;127864;Bit 855/4 Z 1/4 Pozidriv;2;21.3;2026-05-31_35_Factuur_23181717_Isero_BV.pdf
2026-05-31;Isero;190420;Rolbandmaat kunststof/rubber m/Tylon;1;3.5;2026-05-31_35_Factuur_23181717_Isero_BV.pdf
2026-06-05;Isero;14262620;Bocht 87.5 graden pvc grijs lijm 1x mof/1x;2;6.8;2026-06-05_34_Factuur_23204075_Isero_BV.pdf
2026-06-05;Isero;516457;Gecomprimeerde band zwart KOMO-keur;20;181.56;2026-06-05_34_Factuur_23204075_Isero_BV.pdf
2026-06-05;Isero;K0105928;Gecomprimeerde band zwart KOMO-keur;25;149.09;2026-06-05_34_Factuur_23204075_Isero_BV.pdf
2026-06-08;Berner;368989-250;AFVALZAK 120L 70MU BLAUW;250;122.5;2026-06-08_32_Factuur_1204024880_van_08.06.2026.PDF
2026-06-08;Berner;184393-10;MCS MENGSPIRAAL DIAMOND NEW;10;9;2026-06-08_32_Factuur_1204024880_van_08.06.2026.PDF
2026-06-08;Berner;937139-12;SPUITMOND VOOR KIT EN LIJM;36;19.08;2026-06-08_33_Factuur_1204024789_van_08.06.2026.PDF
2026-06-08;Berner;109428-100;TAPBOUT 933 RVS M 10X 30 A2;100;0;2026-06-08_33_Factuur_1204024789_van_08.06.2026.PDF
2026-06-08;Berner;316997;DRAADEIND       976 RVS M10X1M A2;12;60.24;2026-06-08_33_Factuur_1204024789_van_08.06.2026.PDF
2026-06-11;Berner;132386-12;MULTI COMPOUND UNI PLUS                             300ML;12;137.64;2026-06-11_31_Factuur_1204025935_van_11.06.2026.PDF
2026-06-16;Würth;0153740035;Spaanplaatschroef, lenskop;500;14.2;2026-06-16_29_4750389814.PDF
2026-06-16;Würth;0614176780;Bithouder, krachtmoeren;1;0;2026-06-16_29_4750389814.PDF
2026-06-16;Würth;06143320;Bit, TX;5;5;2026-06-16_29_4750389814.PDF
2026-06-18;Isero;993001;Zijsnijtang met afstrip functie VD-draad;1;45.14;2026-06-18_27_Factuur_23256347_Isero_BV.pdf
2026-06-18;Isero;190379;Rolbandmaat Fatmax versterkt staal geel;1;32.06;2026-06-18_27_Factuur_23256347_Isero_BV.pdf
2026-06-18;Isero;K0044836;Schroevendraaierset 3-C IS 4-8 PH1-2 6-;1;23.15;2026-06-18_27_Factuur_23256347_Isero_BV.pdf
2026-06-18;Isero;993001;Zijsnijtang met afstrip functie VD-draad;1;45.14;2026-06-18_28_Factuur_23256347_Isero_BV.pdf
2026-06-18;Isero;190379;Rolbandmaat Fatmax versterkt staal geel;1;32.06;2026-06-18_28_Factuur_23256347_Isero_BV.pdf
2026-06-18;Isero;K0044836;Schroevendraaierset 3-C IS 4-8 PH1-2 6-;1;23.15;2026-06-18_28_Factuur_23256347_Isero_BV.pdf
2026-06-23;Isero;190379;Rolbandmaat Fatmax versterkt staal geel;1;32.06;2026-06-23_25_Factuur_23277080_Isero_BV.pdf
2026-06-23;Isero;265154;Trap enkel 1x5 treden grijs gecoat 10 jr;1;236.57;2026-06-23_25_Factuur_23277080_Isero_BV.pdf
2026-06-23;Isero;127902;Bithouder 899/4/1 S 1/4 universeel met;3;40.61;2026-06-23_25_Factuur_23277080_Isero_BV.pdf
2026-06-24;Isero;516457;Gecomprimeerde band zwart KOMO-keur;40;363.12;2026-06-24_24_Factuur_23282596_Isero_BV.pdf
2026-06-24;Isero;k0105928;Gecomprimeerde band zwart KOMO-keur;20;119.27;2026-06-24_24_Factuur_23282596_Isero_BV.pdf
2026-06-26;Würth;0712131117;Dopsleutel 1/2 inch;2;4;2026-06-26_23_4750401191.PDF
2026-06-26;Würth;0590010;Afdekkap, zeskantkop;100;5;2026-06-26_23_4750401191.PDF
2026-06-26;Würth;059008;Afdekkap, zeskantkop;200;0;2026-06-26_23_4750401191.PDF
2026-06-26;Würth;0899400482;Bescherm. handschoen, gebreid, gecoat;12;55.56;2026-06-26_23_4750401191.PDF
2026-06-26;Würth;0614176718;Krachtdop, machinefitting;1;4;2026-06-26_23_4750401191.PDF
2026-06-26;Würth;0614176717;Krachtdop, machinefitting;1;9;2026-06-26_23_4750401191.PDF
2026-06-26;Würth;0614176780;Bithouder, krachtmoeren;1;8;2026-06-26_23_4750401191.PDF
2026-06-26;Würth;0648076011;Hamerboor Plus;2;6;2026-06-26_23_4750401191.PDF
2026-06-26;Würth;0648076016;Hamerboor Plus;2;6;2026-06-26_23_4750401191.PDF
2026-06-26;Würth;0648071260;Hamerboor Plus;1;25.42;2026-06-26_23_4750401191.PDF
2026-06-26;Würth;0648071060;Hamerboor Plus;1;22.14;2026-06-26_23_4750401191.PDF
2026-06-26;Würth;590681476;Universele plug, kunststof;80;32.99;2026-06-26_23_4750401191.PDF
2026-06-26;Würth;590680846;Universele plug, kunststof;200;15.22;2026-06-26_23_4750401191.PDF
2026-06-26;Würth;0641206040;Universele boor;1;11.57;2026-06-26_23_4750401191.PDF
2026-06-26;Würth;0626200600;Spiraalboor, metaal;10;79.2;2026-06-26_23_4750401191.PDF
2026-06-26;Würth;0653801000;Machinetap, blinde gaten;1;18.62;2026-06-26_23_4750401191.PDF
2026-06-26;Würth;0655800800;Machinetap, blinde gaten;3;46.59;2026-06-26_23_4750401191.PDF
2026-06-26;Würth;0967911203;Marker vulpotlood;6;6;2026-06-26_23_4750401191.PDF
2026-06-30;Würth;09851011;Isolatietape, elektrisch;5;14.4;2026-06-30_21_4750405157.PDF
2026-07-02;Isero;220290;Rapid tap 125ml;1;17.2;2026-07-02_20_Factuur_23315322_Isero_BV.pdf
2026-07-02;Isero;183237;Reserve-afbreekmesjes Fatmax 18mm 10;1;6.46;2026-07-02_20_Factuur_23315322_Isero_BV.pdf
2026-07-02;Isero;202213;Machinetap hss-e M6x1.0;1;16.43;2026-07-02_20_Factuur_23315322_Isero_BV.pdf
2026-07-02;Isero;202214;Machinetap hss-e M8x1.25;1;18.9;2026-07-02_20_Factuur_23315322_Isero_BV.pdf
2026-07-02;Isero;202215;Machinetap hss-e M10x1.5;1;29.92;2026-07-02_20_Factuur_23315322_Isero_BV.pdf
2026-07-02;Isero;2344100;Blaasbalg AB G;1;41.45;2026-07-02_20_Factuur_23315322_Isero_BV.pdf
2026-07-02;Isero;K0430414;Verlengslang FIS;6;17.1;2026-07-02_20_Factuur_23315322_Isero_BV.pdf
2026-07-02;Isero;690702;Handveger 295mm bouw kwaliteit;1;3.18;2026-07-02_20_Factuur_23315322_Isero_BV.pdf
2026-07-02;Isero;690728;Stofblik met houten steel;1;5.08;2026-07-02_20_Factuur_23315322_Isero_BV.pdf
2026-07-03;Isero;183501;Zaagbokken met V-Groef;1;56.37;2026-07-03_19_Factuur_23318369_Isero_BV.pdf
2026-07-03;Isero;4771861210;Markeerpotlood 3030 Pica-Dry voor diepe;2;29.01;2026-07-03_19_Factuur_23318369_Isero_BV.pdf
2026-07-03;Isero;4771861251;Navullingset 4030 Dry voor;1;12.72;2026-07-03_19_Factuur_23318369_Isero_BV.pdf
2026-07-04;Würth;0958910100;Draadeind;75;54.9;2026-07-04_18_4750412860.PDF
2026-07-04;Würth;0958910120;Draadeind;50;49.64;2026-07-04_18_4750412860.PDF
2026-07-06;Isero;192100;Waterpas AZM 30 alu. goud magnetisch;1;25;2026-07-06_17_Factuur_23321423_Isero_BV.pdf
2026-07-06;Isero;126298;Inbussleutelset kogelkop 950 SPKL/9;1;35;2026-07-06_17_Factuur_23321423_Isero_BV.pdf
2026-07-07;Berner;13792-15;ALU-PVC      REINIGER       400ML;15;96.45;2026-07-07_15_Factuur_1204032005_van_07.07.2026.PDF
2026-07-07;Berner;411087;SILIKIT OX PR ANTRACIET 310ML;6;32.4;2026-07-07_15_Factuur_1204032005_van_07.07.2026.PDF
2026-07-07;Berner;411107;SILIKIT OX PR GITZWART       310ML;5;27;2026-07-07_15_Factuur_1204032005_van_07.07.2026.PDF
2026-07-07;Berner;411102;SILIKIT OX PR TRANSPARAN 310ML;4;21.6;2026-07-07_15_Factuur_1204032005_van_07.07.2026.PDF
2026-07-07;Berner;937139-12;SPUITMOND VOOR KIT EN LIJM;12;6.36;2026-07-07_15_Factuur_1204032005_van_07.07.2026.PDF
2026-07-07;Berner;132386-12;MULTI COMPOUND UNI PLUS 300ML;12;137.64;2026-07-07_15_Factuur_1204032005_van_07.07.2026.PDF
2026-07-07;Berner;184393-10;MCS MENGSPIRAAL DIAMOND NEW;40;36;2026-07-07_15_Factuur_1204032005_van_07.07.2026.PDF
2026-07-07;Berner;38276-25;SNIJSCHIJF M/T 125X1,0X22,2 P;25;24.5;2026-07-07_15_Factuur_1204032005_van_07.07.2026.PDF
2026-07-07;Berner;284157-50;HOUTDRAADBOUT 571 8X 80             A2;150;50.64;2026-07-07_15_Factuur_1204032005_van_07.07.2026.PDF
2026-07-07;Berner;835163-50;HOUTDRAADBOUT 571 8X100              A2;150;55.04;2026-07-07_15_Factuur_1204032005_van_07.07.2026.PDF
2026-07-07;Berner;932482-25;HOUTDRAADBOUT 571 10X100             A2;50;35.24;2026-07-07_15_Factuur_1204032005_van_07.07.2026.PDF
2026-07-07;Berner;85498-500;SPAANPLSCH EC TX 5,0X 30 CK ZI;500;10.65;2026-07-07_15_Factuur_1204032005_van_07.07.2026.PDF
2026-07-07;Berner;85502-300;SPAANPLSCH EC TX 5,0X 50 CK ZI;600;17.82;2026-07-07_15_Factuur_1204032005_van_07.07.2026.PDF
2026-07-07;Berner;85504-200;SPAANPLSCH EC TX 5,0X 70 CK ZI;400;17.04;2026-07-07_15_Factuur_1204032005_van_07.07.2026.PDF
2026-07-07;Berner;3335-200;SLUITRING DIN 9021 M 6 RVS A2;600;38.7;2026-07-07_15_Factuur_1204032005_van_07.07.2026.PDF
2026-07-07;Berner;284467-200;SLUITRING DIN 9021 M 8 RVS A2;200;15.16;2026-07-07_15_Factuur_1204032005_van_07.07.2026.PDF
2026-07-07;Berner;3337-100;SLUITRING DIN 9021 M10 RVS A2;300;33.36;2026-07-07_15_Factuur_1204032005_van_07.07.2026.PDF
2026-07-07;Berner;5363-200;ZESKANTMOER 934     M 6 RVS A2;400;15.48;2026-07-07_15_Factuur_1204032005_van_07.07.2026.PDF
2026-07-07;Berner;5371-200;ZESKANTMOER 934     M 8 RVS A2;400;26.44;2026-07-07_15_Factuur_1204032005_van_07.07.2026.PDF
2026-07-07;Berner;109320-100;TAPBOUT 933 RVS M 6X 30 A2;100;7.34;2026-07-07_15_Factuur_1204032005_van_07.07.2026.PDF
2026-07-07;Berner;356808-100;TAPBOUT 933 RVS M 10X 45 A2;200;58.04;2026-07-07_15_Factuur_1204032005_van_07.07.2026.PDF
2026-07-07;Berner;101625-100;EXPRESSDRILL      14X39     ZI;200;29.08;2026-07-07_15_Factuur_1204032005_van_07.07.2026.PDF
2026-07-07;Berner;1006420-100;EASYtimber WPN TZ    6x 80/ 40;200;27.96;2026-07-07_15_Factuur_1204032005_van_07.07.2026.PDF
2026-07-07;Berner;85419-500;SPAANPLSCH EC PZ 4,5X 35 CK ZI;1000;22.9;2026-07-07_15_Factuur_1204032005_van_07.07.2026.PDF
2026-07-07;Berner;42714-100;BRASSFIX        M 10X34     MS;200;111.18;2026-07-07_15_Factuur_1204032005_van_07.07.2026.PDF
2026-07-07;Berner;316997;DRAADEIND    976 RVS M10X1M A2;12;60.24;2026-07-07_15_Factuur_1204032005_van_07.07.2026.PDF
2026-07-07;Würth;0648071416;Hamerboor Plus;2;18.12;2026-07-07_16_4750414431.PDF
2026-07-07;Würth;0648071426;Hamerboor Plus;1;13.94;2026-07-07_16_4750414431.PDF
2026-07-09;Würth;0626910019;Spiraalboor, metaal, assortiment/set;2;0;2026-07-09_13_4750416626.PDF
2026-07-10;Isero;465021;Spanband met klemgesp 350kg;7;22.79;2026-07-10_12_Factuur_23343230_Isero_BV.pdf
2026-07-10;Isero;126715;Dopbit 869/4 M 1/4 magnetisch;2;12.96;2026-07-10_12_Factuur_23343230_Isero_BV.pdf
2026-07-13;Isero;008200170;Veiligheidsschoenen Southern Cross Zip;1;165;2026-07-13_9_Factuur_23346334_Isero_BV.pdf
2026-07-13;Isero;183231;Afbreekmes Fatmax Pro 18mm;1;11.97;2026-07-13_9_Factuur_23346334_Isero_BV.pdf
2026-07-13;Isero;190003;Duimstok 1m hout ramin 4-delig (Bouw;1;7.7;2026-07-13_9_Factuur_23346334_Isero_BV.pdf
2026-07-13;Isero;4771861210;Markeerpotlood 3030 Pica-Dry voor diepe;1;14.5;2026-07-13_9_Factuur_23346334_Isero_BV.pdf
2026-07-13;Isero;16508783;Detector hout/metaal/koper/ijzer en;1;80.2;2026-07-13_9_Factuur_23346334_Isero_BV.pdf
2026-07-15;Würth;0996096120;ORSY SERVICE BIJDRAGE;1;0;2026-07-15_8_4750423212.PDF
2026-07-16;Berner;80539-20;INJECTIEHULS MCS PLUS H 16X130;200;193.34;2026-07-16_7_Factuur_1204034505_van_16.07.2026.PDF
2026-07-16;Berner;5380-100;ZESKANTMOER 934     M10 RVS A2;300;42.42;2026-07-16_7_Factuur_1204034505_van_16.07.2026.PDF
2026-07-16;Berner;184393-10;MCS MENGSPIRAAL DIAMOND NEW;100;90;2026-07-16_7_Factuur_1204034505_van_16.07.2026.PDF
2026-07-16;Berner;528544;BLAASPOMP V    BOORGATREINIGING;4;119.8;2026-07-16_7_Factuur_1204034505_van_16.07.2026.PDF
2026-07-16;Berner;544760;STAALBORSTEL BOORGATREINIG 20;10;55;2026-07-16_7_Factuur_1204034505_van_16.07.2026.PDF
2026-07-17;Würth;5915110130;Ankerstang cartridge/injectiebeton;400;244;2026-07-17_6_4750427712.PDF
2026-07-18;Würth;0590010;Afdekkap, zeskantkop;500;0;2026-07-18_5_4750429495.PDF
2026-07-18;Würth;05900010;Afdekkap, zeskantkop;500;0;2026-07-18_5_4750429495.PDF
2026-07-20;Isero;147312;Metaalzaagblad bahco 300mm 18 tanden;5;14.08;2026-07-20_4_Factuur_23371918_Isero_BV.pdf
2026-07-20;Isero;149403;Metaalzaagbeugel junior blad 150mm;1;10.14;2026-07-20_4_Factuur_23371918_Isero_BV.pdf
2026-07-20;Isero;606170;Metaalzaagbeugel blad 300mm Model;1;29.01;2026-07-20_4_Factuur_23371918_Isero_BV.pdf
2026-07-20;Isero;127908;Bithouder 899/4/1 S 1/4 universeel met;1;20.84;2026-07-20_4_Factuur_23371918_Isero_BV.pdf
2026-07-20;Isero;127906;Bithouder 899/4/1 S 1/4 universeel met;1;17.54;2026-07-20_4_Factuur_23371918_Isero_BV.pdf
2026-07-21;Isero;2594002;Markeerspray diep gat groen;1;12.12;2026-07-21_1_Factuur_23384296_Isero_BV.pdf
2026-07-21;Berner;85502-300;SPAANPLSCH EC TX 5,0X 50 CK ZI;6000;178.2;2026-07-21_2_Factuur_1204035206_van_21.07.2026.PDF
2026-07-21;Berner;85419-500;SPAANPLSCH EC PZ 4,5X 35 CK ZI;4000;115.6;2026-07-21_2_Factuur_1204035206_van_21.07.2026.PDF
2026-07-21;Berner;1006420-100;EASYtimber WPN TZ        6x 80/ 40;600;83.88;2026-07-21_2_Factuur_1204035206_van_21.07.2026.PDF
2026-07-21;Berner;3337-100;SLUITRING DIN 9021 M10 RVS A2;600;66.72;2026-07-21_2_Factuur_1204035206_van_21.07.2026.PDF
2026-07-21;Berner;284467-200;SLUITRING DIN 9021 M 8 RVS A2;400;30.32;2026-07-21_2_Factuur_1204035206_van_21.07.2026.PDF
2026-07-21;Berner;3335-200;SLUITRING DIN 9021 M 6 RVS A2;1000;64.5;2026-07-21_2_Factuur_1204035206_van_21.07.2026.PDF
2026-07-21;Berner;5363-200;ZESKANTMOER 934         M 6 RVS A2;1000;38.6;2026-07-21_2_Factuur_1204035206_van_21.07.2026.PDF
2026-07-21;Berner;5371-200;ZESKANTMOER 934         M 8 RVS A2;800;52.88;2026-07-21_2_Factuur_1204035206_van_21.07.2026.PDF
2026-07-21;Berner;5380-100;ZESKANTMOER 934         M10 RVS A2;200;28.28;2026-07-21_2_Factuur_1204035206_van_21.07.2026.PDF
2026-07-21;Berner;835163-50;HOUTDRAADBOUT 571 8X100              A2;150;55.04;2026-07-21_2_Factuur_1204035206_van_21.07.2026.PDF
2026-07-21;Berner;933082-50;HOUTDRAADBOUT 571 8X120              A2;50;24.2;2026-07-21_2_Factuur_1204035206_van_21.07.2026.PDF
2026-07-21;Berner;932491;HAND-MACHINETAPPEN ASSORTIMENT;3;195;2026-07-21_2_Factuur_1204035206_van_21.07.2026.PDF
2026-07-21;Berner;911371;BOOR- EN SNIJOLIE      400ML;4;31.2;2026-07-21_2_Factuur_1204035206_van_21.07.2026.PDF
2026-07-21;Berner;424362;SPIRAALBOOR TOP 340   12,0X205;4;40.4;2026-07-21_2_Factuur_1204035206_van_21.07.2026.PDF
2026-07-21;Berner;80539-20;INJECTIEHULS MCS PLUS H 16X130;120;116;2026-07-21_2_Factuur_1204035206_van_21.07.2026.PDF
2026-07-21;Berner;101625-100;EXPRESSDRILL      14X39   ZI;200;29.08;2026-07-21_2_Factuur_1204035206_van_21.07.2026.PDF
2026-07-21;Berner;109428-100;TAPBOUT 933 RVS M 10X 30 A2;100;31.59;2026-07-21_2_Factuur_1204035206_van_21.07.2026.PDF
2026-07-21;Berner;316997;DRAADEIND    976 RVS M10X1M A2;20;100.4;2026-07-21_2_Factuur_1204035206_van_21.07.2026.PDF
2026-07-21;Würth;0648071245;Hamerboor Plus;1;16.81;2026-07-21_3_4750430456.PDF
2026-07-23;Berner;911371;BOOR- EN SNIJOLIE           400ML;2;15.6;2026-07-23_0_Factuur_1204035847_van_23.07.2026.PDF
2026-07-23;Berner;835163-50;HOUTDRAADBOUT 571 8X100              A2;500;183.45;2026-07-23_0_Factuur_1204035847_van_23.07.2026.PDF
2026-07-23;Berner;85498-500;SPAANPLSCH EC TX 5,0X 30 CK ZI;5000;106.5;2026-07-23_0_Factuur_1204035847_van_23.07.2026.PDF
2026-07-23;Berner;932491;HAND-MACHINETAPPEN ASSORTIMENT;2;130;2026-07-23_0_Factuur_1204035847_van_23.07.2026.PDF
2026-07-23;Berner;316997;DRAADEIND       976 RVS M10X1M A2;10;50.2;2026-07-23_0_Factuur_1204035847_van_23.07.2026.PDF