datum;art;oms;besteld;geleverd;prijs;totaal;bestand
2026-06-11;1781843;G2/IRI45/441 /2W/R80/C2/N /--;1;1;245.35;245.35;Bonnen_materialen/2026-06-11_30_invoice_10295092.pdf
2026-06-11;1870404;SITUO 1 RTS PURE II NE;1;1;40.4;40.4;Bonnen_materialen/2026-06-11_30_invoice_10295092.pdf
2026-06-11;1003184;POWER ADAPTOR 0.6 DC 230V/29.4;1;1;35.3;35.3;Bonnen_materialen/2026-06-11_30_invoice_10295092.pdf
2026-06-11;1002353;IRISMO 45 WIREFREE RTS W/BAT;1;1;207.06;207.06;Bonnen_materialen/2026-06-11_30_invoice_10295092.pdf
2026-07-23;9016354;EOLIS 3D WIREFREE IO BLACK;10;10;77.99;779.87;diversen/2026-07-23_0_invoice_10302016.pdf
2026-07-23;1870313;SITUO 1 IO PURE II NE;10;10;32.11;321.09;diversen/2026-07-23_0_invoice_10302016.pdf
2026-07-20;1033151;RS100 IO 20 NM VVF 5M-BAR;1;1;179.05;179.05;diversen/2026-07-20_7_invoice_10301447.pdf
2026-07-16;1244718;RS100 SOLAR IO 6/15 KIT;1;1;216.35;216.35;diversen/2026-07-16_11_invoice_10300709.pdf
2026-07-16;9030077;Tijdelijke toeslag 1.5%;1;1;5.93;5.93;diversen/2026-07-16_11_invoice_10300709.pdf
2026-07-10;1244719;RS100 SOLAR IO 10/12 KIT;1;1;226.3;226.3;diversen/2026-07-10_21_invoice_10299911.pdf
2026-07-10;9030077;Tijdelijke toeslag 1.5%;1;1;3.39;3.39;diversen/2026-07-10_21_invoice_10299911.pdf
2026-07-10;1115208;SUNEA IO 30/17 VVF 5M;1;1;200.14;200.14;diversen/2026-07-10_22_invoice_10299912.pdf
2026-07-10;1117115;OREA 50 RTS 40/17 RRF 3M;2;2;214.08;428.16;diversen/2026-07-10_22_invoice_10299912.pdf
2026-07-10;1037436;ALTUS 50 RTS 10/17 RTS VVF 5M;2;2;153.46;306.91;diversen/2026-07-10_22_invoice_10299912.pdf
2026-07-10;9030077;Tijdelijke toeslag 1.5%;1;1;14.03;14.03;diversen/2026-07-10_22_invoice_10299912.pdf
2026-07-10;9015971;UNIVERSAL SETTING TOOL;1;1;42.86;42.86;diversen/2026-07-10_23_invoice_10299913.pdf
2026-07-09;1116233;SUNEA IO 35/17 VVF 5M;-1;-1;201.17;-201.17;diversen/2026-07-09_24_invoice_10299633.pdf
2026-07-09;1042010;SUNILUS RH IO 20/17 VVF 5M;-1;-1;165.69;-165.69;diversen/2026-07-09_25_invoice_10299635.pdf
2026-07-09;1042010;SUNILUS RH IO 20/17 VVF 5M;-1;-1;165.69;-165.69;diversen/2026-07-09_26_invoice_10299636.pdf
2026-07-09;1841134;KEYGO IO 1-WAY;-4;-4;47.48;-189.92;diversen/2026-07-09_27_invoice_10299634.pdf
2026-07-09;1037382;OXIMO RTS 10/17 VVF 5M;-1;-1;156.2;-156.2;diversen/2026-07-09_27_invoice_10299634.pdf
2026-06-18;1042010;SUNILUS RH IO 20/17 VVF 5M;1;1;343.2;343.2;diversen/2026-06-18_51_invoice_10296162.pdf
2026-06-18;1042010;SUNILUS RH IO 20/17 VVF 5M;1;1;343.2;343.2;diversen/2026-06-18_52_invoice_10296161.pdf
2026-05-27;1045516;IO OXIMO 30/17 VVF 5M;1;1;376.38;376.38;diversen/2026-05-27_80_invoice_10292553.pdf
2026-05-27;1871306;SUNTEIS IO;1;1;116.28;116.28;diversen/2026-05-27_81_invoice_10292552.pdf
2026-05-27;1870313;SITUO 1 IO PURE II NE;12;12;45.19;542.28;diversen/2026-05-27_81_invoice_10292552.pdf
2026-05-27;1870329;SITUO 5 IO PURE II NE;12;12;64.47;773.64;diversen/2026-05-27_81_invoice_10292552.pdf
2026-05-27;1870420;SITUO 5 RTS PURE II NE;5;5;62.63;313.15;diversen/2026-05-27_81_invoice_10292552.pdf
2026-05-27;1870404;SITUO 1 RTS PURE II NE;5;5;40.4;202;diversen/2026-05-27_81_invoice_10292552.pdf
2026-05-27;1117115;OREA 50 RTS 40/17 RRF 3M;1;1;430.44;430.44;diversen/2026-05-27_82_invoice_10292554.pdf
2026-05-12;1841134;KEYGO IO 1-WAY;4;4;48.45;193.8;diversen/2026-05-12_97_invoice_10290647.pdf
2026-05-12;1037382;OXIMO RTS 10/17 VVF 5M;1;1;318.75;318.75;diversen/2026-05-12_97_invoice_10290647.pdf
2026-05-07;1116233;SUNEA IO 35/17 VVF 5M;1;1;410.55;410.55;diversen/2026-05-07_102_invoice_10290047.pdf
2026-04-29;1040163;LT METEOR 20/17 VVF 3M;1;1;234.09;234.09;diversen/2026-04-29_110_invoice_10288621.pdf
2026-04-22;1049448;ALTUS 50 RTS 40/17 VVF 5M;1;1;388.11;388.11;diversen/2026-04-22_122_invoice_10287733.pdf
2026-04-20;1871306;SUNTEIS IO;5;5;116.28;581.4;diversen/2026-04-20_124_invoice_10287352.pdf
2026-04-14;1871306;SUNTEIS IO;5;5;116.28;581.4;diversen/2026-04-14_129_invoice_10286414.pdf
2026-04-14;1041426;ALTUS 50 RTS 20/17 VVF 5M;1;1;346.8;346.8;diversen/2026-04-14_130_invoice_10286416.pdf
2026-04-14;1822660;IZYMO SHUTTER IO;1;1;121.59;121.59;diversen/2026-04-14_131_invoice_10286415.pdf
2026-04-07;1781845;G2/IRI45/516 /2W/R80/C2/N /--;1;1;285.87;285.87;diversen/2026-04-07_141_invoice_10285286.pdf
2026-04-07;1002353;IRISMO 45 WIREFREE RTS W/BAT;1;1;207.06;207.06;diversen/2026-04-07_141_invoice_10285286.pdf
2026-04-07;1870404;SITUO 1 RTS PURE II NE;1;1;40.4;40.4;diversen/2026-04-07_141_invoice_10285286.pdf
2026-04-07;1003184;POWER ADAPTOR 0.6 DC 230V/29.4;1;1;35.3;35.3;diversen/2026-04-07_141_invoice_10285286.pdf
2026-03-31;1870329;SITUO 5 IO PURE II NE;3;3;64.47;193.41;diversen/2026-03-31_148_invoice_10284561.pdf
2026-03-31;1870313;SITUO 1 IO PURE II NE;3;3;45.19;135.57;diversen/2026-03-31_148_invoice_10284561.pdf
2026-03-26;1871306;SUNTEIS IO;1;1;0;0;diversen/2026-03-26_155_invoice_10283962.pdf
2026-03-26;1871072;Amy 1 modes io, incl. vierkant frame;1;1;0;0;diversen/2026-03-26_155_invoice_10283962.pdf
2026-03-26;1822618;COMPACT STOPCONTACT IO, AAN/UIT, TYPE F;1;1;0;0;diversen/2026-03-26_155_invoice_10283962.pdf
2026-03-26;1811483;SMOKE SENSOR TAHOMA PRO;1;1;0;0;diversen/2026-03-26_155_invoice_10283962.pdf
2026-03-25;1116233;SUNEA IO 35/17 VVF 5M;1;1;410.55;410.55;diversen/2026-03-25_156_invoice_10283774.pdf
2026-03-23;1040163;LT METEOR 20/17 VVF 3M;1;1;234.09;234.09;diversen/2026-03-23_157_invoice_10283370.pdf
2026-03-12;1871306;SUNTEIS IO;1;1;116.28;116.28;diversen/2026-03-12_169_invoice_10282031.pdf
2026-03-12;1816084;EOLIS WIREFREE IO;1;1;109.76;109.76;diversen/2026-03-12_169_invoice_10282031.pdf
2026-03-12;1811405;SMOOVE UNO IO PURE + FRAME;1;1;166.47;166.47;diversen/2026-03-12_169_invoice_10282031.pdf
2026-03-12;1871072;Amy 1 modes io, incl. vierkant frame;3;3;53.55;160.65;diversen/2026-03-12_170_invoice_10282030.pdf
2026-03-09;1811483;SMOKE SENSOR TAHOMA PRO;2;2;50.9;101.8;diversen/2026-03-09_179_invoice_10281409.pdf
2026-03-09;1822663;IZYMO LED DIMMER RECEIVER IO;1;1;50.6;50.6;diversen/2026-03-09_179_invoice_10281409.pdf
2026-02-27;1041426;ALTUS 50 RTS 20/17 VVF 5M;1;1;346.8;346.8;diversen/2026-02-27_187_invoice_10280300.pdf
2026-02-12;1045311;OXIMO RTS 30/17 VVF 5M;1;1;386.58;386.58;diversen/2026-02-12_204_invoice_10278341.pdf
2026-02-11;1024175;ALTUS 40 RTS 13/10 VVF 5M +;1;1;332.01;332.01;diversen/2026-02-11_207_invoice_10278163.pdf
2026-02-11;9014333;SONESSE 30 C&D ADAPTER PACK;1;1;5.46;5.46;diversen/2026-02-11_207_invoice_10278163.pdf
2026-02-09;1021371;LS40 SHORT 4/16 VVF 2,5M;-1;-1;241.23;-241.23;diversen/2026-02-09_211_invoice_10277795.pdf
2026-01-30;1025124;SUNEA SCREEN 40 IO 4/16 VVF 5M;1;1;326.91;326.91;diversen/2026-01-30_221_invoice_10276547.pdf
2026-01-30;1041426;ALTUS 50 RTS 20/17 VVF 5M;2;2;346.8;693.6;diversen/2026-01-30_221_invoice_10276547.pdf
2026-01-30;1781319;G1/IRI45/514 /2W/R /C2/N /--;1;1;254.35;254.35;diversen/2026-01-30_222_invoice_10276548.pdf
2026-01-30;1870404;SITUO 1 RTS PURE II NE;1;1;40.4;40.4;diversen/2026-01-30_222_invoice_10276548.pdf
2026-01-30;1003184;POWER ADAPTOR 0.6 DC 230V/29.4;1;1;35.3;35.3;diversen/2026-01-30_222_invoice_10276548.pdf
2026-01-30;1002353;IRISMO 45 WIREFREE RTS W/BAT;1;1;207.06;207.06;diversen/2026-01-30_222_invoice_10276548.pdf
2026-01-29;1041426;ALTUS 50 RTS 20/17 VVF 5M;1;1;346.8;346.8;diversen/2026-01-29_223_invoice_10276352.pdf
2026-01-29;1811685;SLIM IO RECEIVER RS + PLUG;1;1;164.02;164.02;diversen/2026-01-29_224_invoice_10276351.pdf
2026-01-29;1870313;SITUO 1 IO PURE II NE;1;1;45.19;45.19;diversen/2026-01-29_224_invoice_10276351.pdf
2026-01-29;1871072;Amy 1 modes io, incl. vierkant frame;1;1;53.55;53.55;diversen/2026-01-29_224_invoice_10276351.pdf
2026-01-29;1240410;ILMO 50 WT 20/17 VVF 3M IINTL;1;1;245.31;245.31;diversen/2026-01-29_224_invoice_10276351.pdf
2026-01-26;1871053;Amy 1 io, incl vierkant frame;2;2;0;0;diversen/2026-01-26_232_invoice_10275822.pdf
2026-01-22;1870594;TAHOMA SWITCH - EU PLUG;1;1;0;0;diversen/2026-01-22_234_invoice_10275302.pdf
2026-01-22;1871306;SUNTEIS IO;1;1;0;0;diversen/2026-01-22_234_invoice_10275302.pdf
2026-01-22;1811482;OPENING SENSOR TAHOMA PRO;1;1;0;0;diversen/2026-01-22_234_invoice_10275302.pdf
2026-01-16;1021371;LS40 SHORT 4/16 VVF 2,5M;1;1;241.23;241.23;diversen/2026-01-16_249_invoice_10274494.pdf
2026-01-14;1811717;SMOOVE ORIGIN RS100 IO PURE SHINE +;6;6;50.39;302.34;diversen/2026-01-14_255_invoice_10273944.pdf
2026-01-14;1870594;TAHOMA SWITCH - EU PLUG;1;1;116.86;116.86;diversen/2026-01-14_255_invoice_10273944.pdf
2026-01-08;1841134;KEYGO IO 1-WAY;1;1;48.45;48.45;diversen/2026-01-08_263_invoice_10273036.pdf
2025-12-15;1822293;Relais TR4-D-230 WM;1;1;92.7;92.7;diversen/2025-12-15_276_invoice_10271972.pdf
2025-12-15;1811717;SMOOVE ORIGIN RS100 IO PURE SHINE +;6;6;49.4;296.4;diversen/2025-12-15_277_invoice_10271973.pdf
2025-12-05;1870755;CONNECTIVITY KIT;12;12;45;540;diversen/2025-12-05_284_invoice_10270773.pdf
2025-12-05;1870594;TAHOMA SWITCH - EU PLUG;3;3;116.86;350.58;diversen/2025-12-05_284_invoice_10270773.pdf
2025-12-05;1870329;SITUO 5 IO PURE II NE;5;5;63.2;316;diversen/2025-12-05_284_invoice_10270773.pdf
2025-11-14;1049607;IO OXIMO 40/17 VVF 5M;1;1;385.5;385.5;diversen/2025-11-14_308_invoice_10267571.pdf
2025-11-14;1037690;IO OXIMO 10/17 VVF 5M;1;1;305;305;diversen/2025-11-14_308_invoice_10267571.pdf
2025-11-14;1045311;OXIMO RTS 30/17 VVF 5M;1;1;379;379;diversen/2025-11-14_308_invoice_10267571.pdf
2025-11-13;9001659;CABLE RTS VVF 10M 3WIRES;3;3;19.2;57.6;diversen/2025-11-13_310_invoice_10267355.pdf